creation_date,business_name,contact_name,contact_phone,email_contact,business_descrition,name_service_contact,phone_service_contact,email_service_contact,user_id,address_id
2019-06-03,Aliquam Ultrices Industries,Axel Townsend,948-288-0785,non.nisi@risus.com,eros viverra eget congue eget semper rutrum nulla nunc purus,Euphemia Grahlmans,581-929-3583,egrahlmans0@comsenz.com,11,1
2019-04-09,Iaculis Foundation,Basil Small,409-760-9291,et.malesuada@Etiam.ca,nunc nisl duis bibendum felis sed interdum venenatis turpis enim,Zak Pughsley,323-505-7540,zpughsley1@domainmarket.com,12,2
2019-05-18,Lorem Associates,Lara Mcclure,356-215-6250,aliquet.molestie@gravidasagittis.net,erat volutpat in congue etiam justo etiam pretium iaculis justo,Priscella Lismore,973-629-2781,plismore2@alibaba.com,13,3
2018-08-07,Augue Sed Corporation,Nash Hart,724-794-9049,semper.pretium.neque@Aeneanegetmagna.com,felis eu sapien cursus vestibulum proin eu mi nulla ac,Bernarr Brock,516-563-5368,bbrock3@state.tx.us,14,4
2018-07-19,Cras Eget Associates,Fleur Bass,294-177-4508,mollis.dui@Aliquamadipiscing.co.uk,tortor quis turpis sed ante vivamus tortor duis mattis egestas,Sebastiano Wainman,658-196-7902,swainman4@sakura.ne.jp,15,5
2019-04-04,Shuffletag,Walton Boast,573-637-5893,fdrance5@earthlink.net,integer pede justo lacinia eget tincidunt eget tempus vel pede,Flossie Drance,867-741-0454,fdrance5@hubpages.com,16,6
2018-07-22,Skidoo,Lorena Ronca,219-353-8160,gmitrovic6@imageshack.us,elit ac nulla sed vel enim sit amet nunc viverra,Glenden Mitrovic,466-385-7609,gmitrovic6@desdev.cn,17,7
2019-04-17,Browsetype,Robbi Buzza,222-752-9663,pde7@guardian.co.uk,justo maecenas rhoncus aliquam lacus morbi quis tortor id nulla,Pip De Paoli,634-747-5501,pde7@oaic.gov.au,18,8
2019-05-19,Trudeo,Sherrie Gourlie,111-616-6258,garkell8@amazon.com,in tempor turpis nec euismod scelerisque quam turpis adipiscing lorem,Godfry Arkell,473-244-8146,garkell8@soundcloud.com,19,9
2019-02-24,Voonte,Dawn MacCathay,671-173-7277,rchapell9@thetimes.co.uk,tincidunt nulla mollis molestie lorem quisque ut erat curabitur gravida,Robinette Chapell,575-411-0437,rchapell9@is.gd,20,10
2018-10-09,Yombu,Natala Huggon,808-687-1351,acapina@china.com.cn,aliquam sit amet diam in magna bibendum imperdiet nullam orci,Ansel Capin,106-341-8774,acapina@ustream.tv,21,11
2019-04-20,Jabbertype,Cordell Billett,769-486-7074,dchatb@cornell.edu,quisque erat eros viverra eget congue eget semper rutrum nulla,Dolores Chat,427-831-1697,dchatb@tinyurl.com,22,12
2018-12-13,Youspan,Nealson Hinkensen,698-622-5880,mpittawayc@sbwire.com,tincidunt eget tempus vel pede morbi porttitor lorem id ligula,Merrielle Pittaway,489-958-7800,mpittawayc@dyndns.org,23,13
2018-08-28,Devcast,Marlie Kilduff,235-393-2953,klinded@goo.ne.jp,eros suspendisse accumsan tortor quis turpis sed ante vivamus tortor,Kim Linde,157-869-2978,klinded@ovh.net,24,14
2019-03-09,Aimbo,Clayson Gallymore,610-159-9994,pcalleare@domainmarket.com,elementum eu interdum eu tincidunt in leo maecenas pulvinar lobortis,Patricio Callear,548-202-4128,pcalleare@pagesperso-orange.fr,25,15
2019-04-20,Digitube,Emmett Stirton,695-979-2342,ftembridgef@livejournal.com,mi pede malesuada in imperdiet et commodo vulputate justo in,Florinda Tembridge,117-481-7296,ftembridgef@imgur.com,26,16
2019-02-28,Voonte,Drucie Crosgrove,729-744-6785,cprayg@spiegel.de,magna ac consequat metus sapien ut nunc vestibulum ante ipsum,Carri Pray,758-373-3966,cprayg@hugedomains.com,27,17
2018-11-09,Yambee,Fin Taveriner,187-754-0678,gdelosh@walmart.com,duis bibendum morbi non quam nec dui luctus rutrum nulla,Gran Delos,755-562-7808,gdelosh@bluehost.com,28,18
2018-08-11,Thoughtblab,Pepillo Priddle,441-514-6418,mfreeri@google.com.br,purus aliquet at feugiat non pretium quis lectus suspendisse potenti,Marita Freer,513-260-1847,mfreeri@bbb.org,29,19
2019-04-27,Twitterbeat,Debee Legerton,380-101-3572,ereedmanj@fda.gov,eget elit sodales scelerisque mauris sit amet eros suspendisse accumsan,Emlyn Reedman,222-821-3161,ereedmanj@taobao.com,30,20
2019-05-19,Zoombeat,Gustie Weight,784-401-4890,phaywoodk@mac.com,venenatis non sodales sed tincidunt eu felis fusce posuere felis,Pietrek Haywood,937-529-5886,phaywoodk@themeforest.net,31,21
2018-12-29,Realmix,Meyer Treadwell,295-500-9881,jmccaughrenl@vinaora.com,vel augue vestibulum ante ipsum primis in faucibus orci luctus,Judi McCaughren,597-934-3472,jmccaughrenl@blog.com,32,22
2019-07-05,Mybuzz,Thaine Barkworth,949-968-6439,galdrichm@canalblog.com,mi pede malesuada in imperdiet et commodo vulputate justo in,Gary Aldrich,873-828-6021,galdrichm@creativecommons.org,33,23
2018-10-14,Blogtag,Janeen Hammatt,367-144-1164,mhabdenn@boston.com,consequat varius integer ac leo pellentesque ultrices mattis odio donec,Martha Habden,752-874-9126,mhabdenn@si.edu,34,24
2019-05-23,Skynoodle,Clemmie Han,718-411-3649,rherrieveno@furl.net,nulla neque libero convallis eget eleifend luctus ultricies eu nibh,Ragnar Herrieven,865-898-0916,rherrieveno@state.tx.us,35,25
2018-08-01,Skyba,Bald Duferie,609-572-0150,bneemp@omniture.com,erat vestibulum sed magna at nunc commodo placerat praesent blandit,Bald Neem,864-410-1033,bneemp@ameblo.jp,36,26
2019-05-27,Dabfeed,Sande Farrow,882-311-2859,mcostleyq@squarespace.com,eu nibh quisque id justo sit amet sapien dignissim vestibulum,Miltie Costley,964-750-5767,mcostleyq@sitemeter.com,37,27
2019-06-27,Gabtype,Jacquelin Sibylla,429-646-1295,jsorrellr@networksolutions.com,pede justo lacinia eget tincidunt eget tempus vel pede morbi,Jazmin Sorrell,336-232-9918,jsorrellr@go.com,38,28
2018-12-29,Brainbox,Chelsie Gillespey,207-440-5010,jheinickes@youtube.com,sapien placerat ante nulla justo aliquam quis turpis eget elit,Janey Heinicke,839-914-4273,jheinickes@merriam-webster.com,39,29
2018-10-13,Tavu,Fanechka Lyddon,280-834-0511,tshearmant@simplemachines.org,nec sem duis aliquam convallis nunc proin at turpis a,Teena Shearman,170-731-4740,tshearmant@umich.edu,40,30
2019-01-20,Centizu,Katrinka Dorney,783-432-0481,edaglishu@qq.com,eu interdum eu tincidunt in leo maecenas pulvinar lobortis est,Ezri Daglish,461-446-4952,edaglishu@twitpic.com,41,31
2019-06-12,Eamia,Gerhard Britzius,266-899-9627,nluxmoorev@admin.ch,justo in hac habitasse platea dictumst etiam faucibus cursus urna,Nomi Luxmoore,133-344-7025,nluxmoorev@bluehost.com,42,32
2018-10-06,Quimba,Silvanus Malpas,557-247-1655,lglasonw@domainmarket.com,iaculis diam erat fermentum justo nec condimentum neque sapien placerat,Lucila Glason,896-873-9276,lglasonw@parallels.com,43,33
2018-08-29,Edgeblab,Garald Edge,708-805-9581,igrederx@cnn.com,congue elementum in hac habitasse platea dictumst morbi vestibulum velit,Izzy Greder,593-544-8143,igrederx@unesco.org,44,34
2018-10-03,Avaveo,Elvera Lowless,190-426-4033,neffordy@cpanel.net,montes nascetur ridiculus mus vivamus vestibulum sagittis sapien cum sociis,Nikolas Efford,438-553-2837,neffordy@bigcartel.com,45,35
2019-01-31,Jaxworks,Dawna Hambidge,202-946-4842,hclarsonz@salon.com,vivamus vestibulum sagittis sapien cum sociis natoque penatibus et magnis,Hilda Clarson,748-380-7836,hclarsonz@sbwire.com,46,36
2019-04-23,Ntags,Dylan Piff,177-865-3247,cmcnaught10@patch.com,ultrices posuere cubilia curae duis faucibus accumsan odio curabitur convallis,Correy McNaught,775-580-6321,cmcnaught10@nbcnews.com,47,37
2019-03-17,Flashspan,Rosabel Arntzen,835-674-4092,mpetrou11@twitter.com,vehicula consequat morbi a ipsum integer a nibh in quis,Mylo Petrou,976-812-1045,mpetrou11@ustream.tv,48,38
2018-10-28,Quire,Jewell Jewster,799-284-2788,cfortnum12@tripod.com,eu interdum eu tincidunt in leo maecenas pulvinar lobortis est,Crissy Fortnum,307-870-6822,cfortnum12@sitemeter.com,49,39
2018-12-05,Babblestorm,Antonio Moorwood,888-628-5700,kbeswell13@free.fr,nam ultrices libero non mattis pulvinar nulla pede ullamcorper augue,Koren Beswell,343-435-9487,kbeswell13@storify.com,50,40
2019-01-30,Oba,Lonnie Yeardley,905-127-0817,ncodron14@wufoo.com,in leo maecenas pulvinar lobortis est phasellus sit amet erat,Neel Codron,881-778-2608,ncodron14@alexa.com,51,41
2018-08-14,Brightdog,Zara Younghusband,179-247-8225,cchristophers15@mlb.com,auctor gravida sem praesent id massa id nisl venenatis lacinia,Consalve Christophers,827-678-2346,cchristophers15@skype.com,52,42
2018-08-21,Jaxworks,Bert Koles,749-807-1007,shouson16@t.co,dui proin leo odio porttitor id consequat in consequat ut,Sybila Houson,375-827-5682,shouson16@gov.uk,53,43
2018-09-09,Agivu,Levin Colbrun,241-480-1821,wbutts17@msu.edu,sit amet nulla quisque arcu libero rutrum ac lobortis vel,Westley Butts,532-337-7956,wbutts17@umich.edu,54,44
2018-09-04,Voonder,Noni Janny,988-290-1553,bdobrowolny18@dropbox.com,id lobortis convallis tortor risus dapibus augue vel accumsan tellus,Beck Dobrowolny,952-430-7471,bdobrowolny18@google.es,55,45
2019-07-06,Fivechat,Holly Lukas,114-681-0434,aisley19@taobao.com,mattis nibh ligula nec sem duis aliquam convallis nunc proin,Andeee Isley,611-787-7478,aisley19@sohu.com,56,46
2018-10-19,Ntag,Linet Wildish,871-931-4808,vwadsworth1a@seattletimes.com,pretium iaculis justo in hac habitasse platea dictumst etiam faucibus,Vicki Wadsworth,334-196-9561,vwadsworth1a@statcounter.com,57,47
2019-02-09,Trilith,Joline MacFaell,228-562-3763,jsalerg1b@shinystat.com,purus eu magna vulputate luctus cum sociis natoque penatibus et,Jean Salerg,316-122-0302,jsalerg1b@aboutads.info,58,48
2018-07-28,Wordify,Clareta Kaas,202-235-1275,nbouts1c@usa.gov,ultrices libero non mattis pulvinar nulla pede ullamcorper augue a,Norri Bouts,707-540-0426,nbouts1c@businessweek.com,59,49
2019-03-08,Kwinu,Hedwiga Grocock,315-561-8938,twoolmington1d@webnode.com,sit amet justo morbi ut odio cras mi pede malesuada,Tori Woolmington,283-895-3827,twoolmington1d@java.com,60,50
2018-12-14,Fivechat,Sheffie Andrich,374-926-0503,gohanley1e@ft.com,nisl nunc rhoncus dui vel sem sed sagittis nam congue,Glori OHanley,568-217-5490,gohanley1e@nytimes.com,61,51
2018-08-05,Roodel,Annabell Millmore,209-309-9808,gcurran1f@weather.com,sit amet sapien dignissim vestibulum vestibulum ante ipsum primis in,Gusti Curran,506-280-9783,gcurran1f@gizmodo.com,62,52
2019-04-23,Youfeed,Hugo Mattys,204-966-0623,cewings1g@qq.com,pellentesque viverra pede ac diam cras pellentesque volutpat dui maecenas,Cathlene Ewings,328-553-9649,cewings1g@trellian.com,63,53
2019-05-06,Teklist,Pennie Espley,927-623-9517,elaterza1h@pinterest.com,at lorem integer tincidunt ante vel ipsum praesent blandit lacinia,Emera Laterza,704-591-2418,elaterza1h@google.ca,64,54
2018-09-12,Tagfeed,Eachelle Dallewater,514-133-5347,sskeermor1i@dell.com,sapien in sapien iaculis congue vivamus metus arcu adipiscing molestie,Skippy Skeermor,923-927-8966,sskeermor1i@nifty.com,65,55
2018-09-01,Rhyloo,Mamie Tobin,863-397-1184,lleslie1j@census.gov,luctus et ultrices posuere cubilia curae mauris viverra diam vitae,Lorie Leslie,139-534-9565,lleslie1j@last.fm,66,56
2019-04-03,Tagcat,Vito Pethrick,971-418-1048,aalbiston1k@webeden.co.uk,quis orci nullam molestie nibh in lectus pellentesque at nulla,Abdel Albiston,614-677-5076,aalbiston1k@utexas.edu,67,57
2019-02-16,Abata,Lynnelle Tallet,287-397-4890,ffransoni1l@craigslist.org,adipiscing lorem vitae mattis nibh ligula nec sem duis aliquam,Florian Fransoni,800-365-9284,ffransoni1l@cpanel.net,68,58
2019-05-13,Skiptube,Buffy Cawtheray,132-963-3661,fbresman1m@wikia.com,venenatis tristique fusce congue diam id ornare imperdiet sapien urna,Fowler Bresman,228-344-3113,fbresman1m@geocities.jp,69,59
2019-03-05,Layo,Bartolemo Hernik,437-489-1280,wperkinson1n@oaic.gov.au,in eleifend quam a odio in hac habitasse platea dictumst,Werner Perkinson,519-504-7892,wperkinson1n@delicious.com,70,60
2019-01-04,Riffpedia,Solly Rainard,139-919-6639,jbrowell1o@com.com,dolor sit amet consectetuer adipiscing elit proin interdum mauris non,Jed Browell,421-130-4687,jbrowell1o@theglobeandmail.com,71,61
2018-08-26,Tagtune,Della Baumber,825-400-5833,vwoltman1p@berkeley.edu,posuere felis sed lacus morbi sem mauris laoreet ut rhoncus,Vincents Woltman,805-718-6708,vwoltman1p@google.es,72,62
2019-03-30,Jabbertype,Garry Aleksich,540-714-7407,maery1q@123-reg.co.uk,amet diam in magna bibendum imperdiet nullam orci pede venenatis,Michell Aery,774-417-9025,maery1q@spotify.com,73,63
2019-03-02,Ozu,Buck Paulin,936-871-2639,mmarre1r@oracle.com,et magnis dis parturient montes nascetur ridiculus mus etiam vel,Margalo Marre,697-349-8135,mmarre1r@upenn.edu,74,64
2019-01-20,Quinu,Roscoe Beamiss,757-612-5336,dogglebie1s@netlog.com,aliquam non mauris morbi non lectus aliquam sit amet diam,Darby Ogglebie,763-772-3309,dogglebie1s@ifeng.com,75,65
2018-11-27,Dynabox,Babette Skynner,498-784-0302,sricardou1t@wp.com,lectus in est risus auctor sed tristique in tempus sit,Sawyer Ricardou,191-782-6031,sricardou1t@mozilla.org,76,66
2019-06-04,Thoughtblab,Aguie Polfer,250-158-1798,kbimrose1u@yelp.com,pede ullamcorper augue a suscipit nulla elit ac nulla sed,Kessia Bimrose,221-202-5253,kbimrose1u@wikimedia.org,77,67
2019-05-14,Skyvu,Cosme Mariot,453-820-1479,apentelo1v@creativecommons.org,quam sapien varius ut blandit non interdum in ante vestibulum,Adelaida Pentelo,180-545-9086,apentelo1v@apple.com,78,68
2018-12-13,Vidoo,Pernell Savin,633-297-4831,epacker1w@blogs.com,posuere felis sed lacus morbi sem mauris laoreet ut rhoncus,Eben Packer,392-433-1998,epacker1w@nydailynews.com,79,69
2019-07-07,Camimbo,Henrietta MacDougall,723-551-0287,mchazette1x@skyrock.com,mattis odio donec vitae nisi nam ultrices libero non mattis,Marlie Chazette,420-295-9544,mchazette1x@squidoo.com,80,70
2018-11-05,Youtags,Celina Helks,326-471-4969,ldrable1y@i2i.jp,congue eget semper rutrum nulla nunc purus phasellus in felis,Loleta Drable,713-193-8796,ldrable1y@examiner.com,81,71
2019-07-12,Twitterbridge,Ferdinanda Gallamore,656-806-6063,aeccott1z@java.com,vestibulum aliquet ultrices erat tortor sollicitudin mi sit amet lobortis,Allayne Eccott,188-480-8887,aeccott1z@qq.com,82,72
2018-11-01,Tagcat,Trenton Adger,883-532-0174,hbiggins20@mapquest.com,eu nibh quisque id justo sit amet sapien dignissim vestibulum,Henryetta Biggins,388-364-7763,hbiggins20@army.mil,83,73
2019-01-11,Mynte,Jefferey Crowhurst,526-186-8187,mgrady21@tiny.cc,vel accumsan tellus nisi eu orci mauris lacinia sapien quis,Maurie Grady,909-377-7963,mgrady21@networkadvertising.org,84,74
2019-07-10,Latz,Kristal Keford,302-387-0440,mrenzini22@irs.gov,potenti nullam porttitor lacus at turpis donec posuere metus vitae,Myrle Renzini,851-938-3425,mrenzini22@springer.com,85,75
2018-08-01,Dynava,Fayina Scopyn,828-372-8285,cfedynski23@zimbio.com,vehicula condimentum curabitur in libero ut massa volutpat convallis morbi,Catlaina Fedynski,495-247-4656,cfedynski23@tmall.com,86,76
2019-06-01,Meembee,Mortie Scrace,843-146-5788,kbarkshire24@ihg.com,ornare imperdiet sapien urna pretium nisl ut volutpat sapien arcu,Kathy Barkshire,592-762-2715,kbarkshire24@miitbeian.gov.cn,87,77
2019-05-01,Jayo,Betti Barkshire,720-157-3364,aeyam25@ask.com,convallis eget eleifend luctus ultricies eu nibh quisque id justo,Arlyn Eyam,602-217-2489,aeyam25@huffingtonpost.com,88,78
2018-10-08,Dabjam,Franklyn Pruckner,624-672-1492,lfrosdick26@washingtonpost.com,faucibus cursus urna ut tellus nulla ut erat id mauris,Lilli Frosdick,593-895-2394,lfrosdick26@tamu.edu,89,79
2019-05-20,Yacero,Nickolai Goodbairn,788-617-7488,rjilkes27@deliciousdays.com,aliquam augue quam sollicitudin vitae consectetuer eget rutrum at lorem,Robby Jilkes,961-463-8015,rjilkes27@gnu.org,90,80
2019-01-11,Feedbug,Eleonora Rowland,789-532-0185,gcrut28@youku.com,aliquet at feugiat non pretium quis lectus suspendisse potenti in,Guendolen Crut,529-706-5824,gcrut28@nps.gov,91,81
2019-01-15,Jazzy,Drew Gauchier,928-121-2504,wmoan29@nymag.com,viverra pede ac diam cras pellentesque volutpat dui maecenas tristique,Wernher Moan,182-111-3404,wmoan29@blog.com,92,82
2019-04-12,Cogilith,Aime Groomebridge,511-489-1431,amcreedy2a@ucoz.com,felis donec semper sapien a libero nam dui proin leo,Aida McReedy,356-359-1798,amcreedy2a@pbs.org,93,83
2019-02-01,Kwimbee,Jojo Eirwin,327-611-8654,ecrome2b@bluehost.com,proin interdum mauris non ligula pellentesque ultrices phasellus id sapien,Etienne Crome,811-993-2581,ecrome2b@163.com,94,84
2019-05-17,Abatz,Quillan Lethley,863-620-6014,fcrossland2c@godaddy.com,non ligula pellentesque ultrices phasellus id sapien in sapien iaculis,Fenelia Crossland,254-369-0323,fcrossland2c@usda.gov,95,85
2019-05-25,Divanoodle,Dorian Haresnaip,781-589-3384,hstrete2d@is.gd,vestibulum ante ipsum primis in faucibus orci luctus et ultrices,Hayley Strete,969-290-5216,hstrete2d@eepurl.com,96,86
2018-10-24,Abata,Vernice Bravey,354-448-7752,dfranzonello2e@elegantthemes.com,dignissim vestibulum vestibulum ante ipsum primis in faucibus orci luctus,Dalli Franzonello,192-804-5174,dfranzonello2e@privacy.gov.au,97,87
2018-07-15,Rhynyx,Gusty Carwithim,841-598-2121,glies2f@nydailynews.com,turpis nec euismod scelerisque quam turpis adipiscing lorem vitae mattis,Gleda Lies,107-527-2036,glies2f@clickbank.net,98,88
2019-06-25,Voolith,Malia Duckit,469-172-6524,lmatyushkin2g@comsenz.com,sit amet turpis elementum ligula vehicula consequat morbi a ipsum,Lorrayne Matyushkin,198-908-3062,lmatyushkin2g@economist.com,99,89
2018-12-03,Trudeo,Abba Arbuckel,838-739-6702,ckemitt2h@springer.com,justo sollicitudin ut suscipit a feugiat et eros vestibulum ac,Cobbie Kemitt,404-623-2685,ckemitt2h@amazon.de,100,90
2019-05-14,Skippad,Deirdre Mably,987-441-9325,akirke2i@washingtonpost.com,accumsan tellus nisi eu orci mauris lacinia sapien quis libero,Ambrose Kirke,685-673-3604,akirke2i@kickstarter.com,101,91
2019-04-11,Jabbersphere,Kimble Thynn,155-907-2174,amcquillen2j@msu.edu,turpis integer aliquet massa id lobortis convallis tortor risus dapibus,Abraham McQuillen,493-521-3551,amcquillen2j@hostgator.com,102,92
2018-10-28,Fivebridge,Micaela Mollison,606-125-1738,ahousecroft2k@t-online.de,morbi vestibulum velit id pretium iaculis diam erat fermentum justo,Aurie Housecroft,286-362-8506,ahousecroft2k@wikimedia.org,103,93
2019-02-04,Shufflester,Alexio Koeppke,959-803-3516,mpow2l@e-recht24.de,sit amet sem fusce consequat nulla nisl nunc nisl duis,Marcella Pow,935-265-2175,mpow2l@cdc.gov,104,94
2019-03-12,Jetpulse,Dore Cleworth,362-470-6866,zzarb2m@go.com,ultrices posuere cubilia curae nulla dapibus dolor vel est donec,Zolly Zarb,783-863-9725,zzarb2m@multiply.com,105,95
2019-04-19,Kwimbee,Mic Slyford,313-679-6540,rbabbe2n@senate.gov,volutpat convallis morbi odio odio elementum eu interdum eu tincidunt,Rose Babbe,173-985-9039,rbabbe2n@salon.com,106,96
2019-05-01,Twinder,Marquita Budcock,245-168-7774,fgrzes2o@home.pl,rhoncus mauris enim leo rhoncus sed vestibulum sit amet cursus,Flori Grzes,857-253-8445,fgrzes2o@admin.ch,107,97
2018-09-18,Jaxspan,Cesar Bemment,458-902-8603,sdumigan2p@icq.com,tempus vivamus in felis eu sapien cursus vestibulum proin eu,Sidney Dumigan,285-986-1931,sdumigan2p@bloomberg.com,108,98
2018-08-16,Zoomdog,Drusie Cominetti,668-953-0387,fmcclymont2q@auda.org.au,id nulla ultrices aliquet maecenas leo odio condimentum id luctus,Field McClymont,713-613-0631,fmcclymont2q@amazon.co.jp,109,99
2018-09-18,Thoughtstorm,Bailie Rapelli,146-576-7115,dgawith2r@merriam-webster.com,ipsum aliquam non mauris morbi non lectus aliquam sit amet,Dennie Gawith,361-712-9809,dgawith2r@cocolog-nifty.com,110,100
2018-08-01,Meezzy,Elizabet Twaits,927-622-4346,povitz2s@webnode.com,integer ac leo pellentesque ultrices mattis odio donec vitae nisi,Pen Ovitz,929-717-6005,povitz2s@mediafire.com,111,101
2019-05-13,Avamba,Alberik Inskipp,426-890-2065,fhakeworth2t@alibaba.com,congue risus semper porta volutpat quam pede lobortis ligula sit,Franz Hakeworth,241-231-1330,fhakeworth2t@msu.edu,112,102
2019-03-14,Centimia,Sapphire Harmes,882-428-3402,credholls2u@ca.gov,odio consequat varius integer ac leo pellentesque ultrices mattis odio,Carlotta Redholls,616-651-7527,credholls2u@domainmarket.com,113,103
2019-02-20,Divavu,Tucker Francomb,212-818-1065,hmanners2v@opensource.org,donec odio justo sollicitudin ut suscipit a feugiat et eros,Hillary Manners,379-538-6716,hmanners2v@typepad.com,114,104
2019-04-12,Brainbox,Laura Scrafton,120-334-4954,shodgen2w@is.gd,in libero ut massa volutpat convallis morbi odio odio elementum,Starla Hodgen,935-937-2151,shodgen2w@go.com,115,105
2019-01-14,Leexo,Timi Avieson,292-843-4177,sholtum2x@independent.co.uk,quam turpis adipiscing lorem vitae mattis nibh ligula nec sem,Sherilyn Holtum,228-287-4062,sholtum2x@marriott.com,116,106
2019-06-03,Yakidoo,Stacia Asbury,740-598-2817,nskillman2y@imageshack.us,eu felis fusce posuere felis sed lacus morbi sem mauris,Niki Skillman,676-493-2900,nskillman2y@paginegialle.it,117,107
2019-01-16,Thoughtstorm,Bucky Dray,355-987-2297,ggrandison2z@flickr.com,ultrices posuere cubilia curae mauris viverra diam vitae quam suspendisse,Gerrie Grandison,183-156-7600,ggrandison2z@dagondesign.com,118,108
2018-08-14,Realbridge,Bastian Nisot,445-272-0077,tlidell30@google.co.uk,a odio in hac habitasse platea dictumst maecenas ut massa,Tilda Lidell,413-158-0369,tlidell30@fastcompany.com,119,109
2018-09-29,Zoomlounge,Aldis Shatford,413-834-0650,jhawtrey31@jiathis.com,vestibulum quam sapien varius ut blandit non interdum in ante,Jacintha Hawtrey,619-303-1158,jhawtrey31@washington.edu,120,110
2018-10-20,Teklist,Idalia Clabburn,552-406-6693,rcowely32@paginegialle.it,eros suspendisse accumsan tortor quis turpis sed ante vivamus tortor,Rori Cowely,649-787-2538,rcowely32@miibeian.gov.cn,121,111
2018-07-17,Feedfish,Marius Kielt,717-763-7793,sshand33@state.gov,in est risus auctor sed tristique in tempus sit amet,Shell Shand,102-639-7880,sshand33@g.co,122,112
2019-01-23,Zoomlounge,Cecilio Ayrton,197-354-6939,tglendzer34@php.net,sit amet sapien dignissim vestibulum vestibulum ante ipsum primis in,Timofei Glendzer,632-994-6650,tglendzer34@ftc.gov,123,113
2018-10-13,Skidoo,Dorian Rands,352-679-0197,bgentsch35@japanpost.jp,vulputate luctus cum sociis natoque penatibus et magnis dis parturient,Babs Gentsch,699-979-8901,bgentsch35@skype.com,124,114
2018-08-26,Shuffledrive,Flore Riquet,802-390-5115,wmccoveney36@ehow.com,vitae ipsum aliquam non mauris morbi non lectus aliquam sit,Wandie McCoveney,604-688-8829,wmccoveney36@ucla.edu,125,115
2018-12-06,Flipbug,Rozalie Pawlaczyk,617-264-9442,lcosty37@google.com.hk,luctus cum sociis natoque penatibus et magnis dis parturient montes,Lavena Costy,951-634-8894,lcosty37@ezinearticles.com,126,116
2018-09-26,Meetz,Sacha Liddy,305-915-0643,sbronger38@bloomberg.com,justo lacinia eget tincidunt eget tempus vel pede morbi porttitor,Starla Bronger,917-170-0239,sbronger38@wp.com,127,117
2019-02-18,Eayo,Lottie Sugar,380-749-5865,mterbruggen39@1688.com,curabitur in libero ut massa volutpat convallis morbi odio odio,Marcia Terbruggen,397-337-2197,mterbruggen39@redcross.org,128,118
2019-03-20,Zooxo,Anny Mauditt,538-413-5522,bfarge3a@pen.io,in hac habitasse platea dictumst aliquam augue quam sollicitudin vitae,Brittney Farge,797-681-2081,bfarge3a@altervista.org,129,119
2019-04-17,Trupe,Cindi Iglesias,813-667-4699,mpetkens3b@unblog.fr,nulla ultrices aliquet maecenas leo odio condimentum id luctus nec,Mariquilla Petkens,380-589-8225,mpetkens3b@jimdo.com,130,120
2019-07-08,Skippad,Flory Pessolt,218-938-7562,dpittel3c@flickr.com,aliquet maecenas leo odio condimentum id luctus nec molestie sed,Danya Pittel,734-843-0005,dpittel3c@google.com.hk,131,121
2019-06-13,Edgeclub,Bourke McNair,253-787-3158,obulward3d@sakura.ne.jp,duis mattis egestas metus aenean fermentum donec ut mauris eget,Odella Bulward,666-710-8675,obulward3d@opera.com,132,122
2019-07-06,Topicware,Lyn Dunphie,496-932-7952,bdedmam3e@chicagotribune.com,aliquam non mauris morbi non lectus aliquam sit amet diam,Briana Dedmam,446-726-5851,bdedmam3e@technorati.com,133,123
2018-09-21,Thoughtbridge,Gaultiero Sharrem,223-575-8571,cstackbridge3f@nydailynews.com,in hac habitasse platea dictumst etiam faucibus cursus urna ut,Conway Stackbridge,851-884-0802,cstackbridge3f@oakley.com,134,124
2018-10-21,Twimm,Westley Franzini,586-938-9832,rhuckle3g@dot.gov,vitae consectetuer eget rutrum at lorem integer tincidunt ante vel,Roselin Huckle,543-279-0989,rhuckle3g@chronoengine.com,135,125
2019-05-22,Bluejam,Janenna Rusbridge,268-500-9977,lcotterel3h@t-online.de,eros vestibulum ac est lacinia nisi venenatis tristique fusce congue,Lorin Cotterel,543-184-3885,lcotterel3h@issuu.com,136,126
2019-01-20,Quimba,Tuck Cathenod,939-435-6063,prusling3i@wired.com,pede ac diam cras pellentesque volutpat dui maecenas tristique est,Petey Rusling,495-459-6237,prusling3i@last.fm,137,127
2018-10-01,Leexo,Morey Charlet,342-997-6482,pstewart3j@opera.com,vivamus vestibulum sagittis sapien cum sociis natoque penatibus et magnis,Pip Stewart,953-199-9833,pstewart3j@census.gov,138,128
2019-03-16,Ooba,Rennie Haller,276-728-0157,cmcglone3k@toplist.cz,ante vel ipsum praesent blandit lacinia erat vestibulum sed magna,Caro McGlone,308-225-3418,cmcglone3k@mit.edu,139,129
2019-03-04,Ntags,Sheilah Peyton,710-180-6411,jkemble3l@businessinsider.com,morbi sem mauris laoreet ut rhoncus aliquet pulvinar sed nisl,Jobey Kemble,254-473-1796,jkemble3l@smugmug.com,140,130
2018-08-04,Yambee,Lucian Vizard,727-707-1199,ygarbar3m@yelp.com,quam sapien varius ut blandit non interdum in ante vestibulum,Yard Garbar,811-950-1939,ygarbar3m@amazon.com,141,131
2018-10-26,Jabberstorm,Millisent Poyzer,846-571-1053,dpaulack3n@trellian.com,augue quam sollicitudin vitae consectetuer eget rutrum at lorem integer,Dorothy Paulack,630-399-2582,dpaulack3n@paginegialle.it,142,132
2018-11-29,Vidoo,Kipp Kanwell,546-620-6468,rkohnemann3o@trellian.com,platea dictumst etiam faucibus cursus urna ut tellus nulla ut,Reginald Kohnemann,583-143-2371,rkohnemann3o@gravatar.com,143,133
2018-11-08,Skajo,Johnette Howden,111-880-8789,efugere3p@google.co.jp,vestibulum eget vulputate ut ultrices vel augue vestibulum ante ipsum,Erica Fugere,997-902-2104,efugere3p@weibo.com,144,134
2019-07-07,Browsezoom,Matthaeus Cocker,754-573-4066,emulvihill3q@rediff.com,interdum eu tincidunt in leo maecenas pulvinar lobortis est phasellus,Eberhard Mulvihill,323-981-7967,emulvihill3q@hexun.com,145,135
2019-06-23,Thoughtstorm,Hadrian Gleadhell,522-528-2163,hwhitticks3r@vimeo.com,fusce lacus purus aliquet at feugiat non pretium quis lectus,Haslett Whitticks,546-933-0143,hwhitticks3r@soup.io,146,136
2019-04-04,Buzzbean,Abagael Dowd,264-928-6823,vrzehorz3s@tuttocitta.it,libero non mattis pulvinar nulla pede ullamcorper augue a suscipit,Victoria Rzehorz,957-276-2367,vrzehorz3s@people.com.cn,147,137
2018-11-23,Yambee,Antoine Bortolomei,432-749-9172,halcalde3t@youtube.com,metus arcu adipiscing molestie hendrerit at vulputate vitae nisl aenean,Helena Alcalde,777-762-5578,halcalde3t@hugedomains.com,148,138
2018-11-18,Photolist,Michaeline Guye,801-319-1365,lsilbert3u@usnews.com,at velit vivamus vel nulla eget eros elementum pellentesque quisque,Lyssa Silbert,910-322-9742,lsilbert3u@hexun.com,149,139
2019-06-25,Blogpad,Conrado Shenfisch,750-246-1313,umcrae3v@irs.gov,aliquam convallis nunc proin at turpis a pede posuere nonummy,Ulick McRae,175-950-4613,umcrae3v@un.org,150,140
2018-11-23,Ooba,Odelia McTeggart,192-457-2991,kjenner3w@i2i.jp,a odio in hac habitasse platea dictumst maecenas ut massa,Kit Jenner,580-603-3088,kjenner3w@salon.com,151,141
2018-07-19,Vitz,Janelle Syfax,252-617-3687,kclinkard3x@4shared.com,pede justo eu massa donec dapibus duis at velit eu,Karia Clinkard,512-144-2093,kclinkard3x@angelfire.com,152,142
2018-07-30,Voonyx,Obed Tremberth,310-103-3212,lallberry3y@independent.co.uk,faucibus orci luctus et ultrices posuere cubilia curae mauris viverra,Loydie Allberry,318-624-3424,lallberry3y@dagondesign.com,153,143
2018-08-26,Blogtag,Patten Curman,864-456-9124,cmonkton3z@theglobeandmail.com,lacus purus aliquet at feugiat non pretium quis lectus suspendisse,Colette Monkton,327-829-0268,cmonkton3z@angelfire.com,154,144
2018-09-25,Eayo,Solomon Beddow,176-181-8959,agabbetis40@miitbeian.gov.cn,primis in faucibus orci luctus et ultrices posuere cubilia curae,Abra Gabbetis,856-896-2665,agabbetis40@google.es,155,145
2019-01-18,Lajo,Jory Argo,952-488-1402,bpoetz41@drupal.org,nunc donec quis orci eget orci vehicula condimentum curabitur in,Brendon Poetz,529-506-8586,bpoetz41@etsy.com,156,146
2018-09-22,Digitube,Rabi Deport,496-848-2450,bbodley42@livejournal.com,non mauris morbi non lectus aliquam sit amet diam in,Bruis Bodley,538-197-2592,bbodley42@bandcamp.com,157,147
2019-02-17,Oyoloo,Lem Pinxton,921-364-8973,dbowery43@prlog.org,ultrices vel augue vestibulum ante ipsum primis in faucibus orci,Dione Bowery,715-599-3780,dbowery43@dyndns.org,158,148
2019-07-04,Oyoyo,Keri Biasioli,117-953-0491,mcarneck44@baidu.com,suspendisse potenti cras in purus eu magna vulputate luctus cum,Micki Carneck,442-772-5993,mcarneck44@prweb.com,159,149
2018-09-14,Brainlounge,Margery Grenshiels,514-135-2175,tberkery45@unesco.org,nulla pede ullamcorper augue a suscipit nulla elit ac nulla,Tilly Berkery,204-483-5665,tberkery45@archive.org,160,150
2019-06-05,Wordpedia,Jordan Niave,425-876-1867,lquainton46@icq.com,arcu sed augue aliquam erat volutpat in congue etiam justo,Lindy Quainton,516-121-6056,lquainton46@apple.com,161,151
2019-03-03,Fadeo,Quintana Dickinson,216-278-5827,asear47@wufoo.com,montes nascetur ridiculus mus etiam vel augue vestibulum rutrum rutrum,Anny Sear,372-378-9259,asear47@twitter.com,162,152
2019-01-13,Centimia,Sherwood Napier,901-286-8653,fsandells48@devhub.com,amet nunc viverra dapibus nulla suscipit ligula in lacus curabitur,Farah Sandells,312-748-0722,fsandells48@odnoklassniki.ru,163,153
2018-11-09,Jayo,Alric Reedman,828-556-6011,amacpaike49@google.de,elementum ligula vehicula consequat morbi a ipsum integer a nibh,Ailyn MacPaike,530-244-8296,amacpaike49@storify.com,164,154
2019-06-03,Vipe,Brunhilda Starmont,199-306-0288,wbelli4a@ustream.tv,nulla dapibus dolor vel est donec odio justo sollicitudin ut,Wini Belli,421-559-2744,wbelli4a@yellowbook.com,165,155
2018-10-24,Tagchat,Evvy Voak,554-753-1517,tsarten4b@forbes.com,erat tortor sollicitudin mi sit amet lobortis sapien sapien non,Thatcher Sarten,907-469-5840,tsarten4b@linkedin.com,166,156
2019-05-29,Zooxo,Jorie Adamiak,489-429-3177,todell4c@mtv.com,amet eleifend pede libero quis orci nullam molestie nibh in,Therese Odell,103-586-1078,todell4c@craigslist.org,167,157
2019-01-27,Mycat,Thoma Greggor,267-884-1366,kmcphelim4d@google.com.hk,in est risus auctor sed tristique in tempus sit amet,Kellen McPhelim,507-442-7706,kmcphelim4d@walmart.com,168,158
2019-02-15,Quatz,Archy Normant,644-426-0790,bbowland4e@cargocollective.com,felis eu sapien cursus vestibulum proin eu mi nulla ac,Babb Bowland,622-546-5826,bbowland4e@yahoo.com,169,159
2018-08-14,Quamba,Leyla Jagson,608-334-6274,adron4f@independent.co.uk,quisque arcu libero rutrum ac lobortis vel dapibus at diam,Aurie Dron,129-487-5948,adron4f@xing.com,170,160
2019-05-13,Tagopia,Ferdinande McVitie,243-534-0646,gpettett4g@harvard.edu,ante vestibulum ante ipsum primis in faucibus orci luctus et,Gardner Pettett,360-539-7443,gpettett4g@delicious.com,171,161
2018-11-03,Gigaclub,Claire Fawdry,407-619-6632,sfabry4h@theatlantic.com,penatibus et magnis dis parturient montes nascetur ridiculus mus vivamus,Steven Fabry,921-595-0700,sfabry4h@gov.uk,172,162
2019-06-17,Demivee,Mackenzie Lankford,653-465-4553,rsugden4i@e-recht24.de,habitasse platea dictumst aliquam augue quam sollicitudin vitae consectetuer eget,Roderigo Sugden,866-339-8829,rsugden4i@canalblog.com,173,163
2018-12-08,Tagcat,Meggie Croneen,315-618-3554,hrowesby4j@people.com.cn,gravida sem praesent id massa id nisl venenatis lacinia aenean,Hinda Rowesby,105-903-3681,hrowesby4j@home.pl,174,164
2019-07-07,Oyoba,Kaylee Lightman,440-370-0277,emckerley4k@uiuc.edu,pede venenatis non sodales sed tincidunt eu felis fusce posuere,Elvyn McKerley,432-832-1208,emckerley4k@toplist.cz,175,165
2018-12-30,Zoozzy,Vincents Bothe,710-466-4146,esamudio4l@i2i.jp,a pede posuere nonummy integer non velit donec diam neque,Emmet Samudio,600-849-6003,esamudio4l@jiathis.com,176,166
2019-04-02,Buzzdog,Brand Slemming,551-321-0226,tworsnap4m@wufoo.com,amet cursus id turpis integer aliquet massa id lobortis convallis,Tildy Worsnap,205-997-9452,tworsnap4m@uol.com.br,177,167
2019-03-05,Edgeify,Cullie Banaszewski,639-395-8223,rskone4n@hp.com,convallis eget eleifend luctus ultricies eu nibh quisque id justo,Ros Skone,518-378-9612,rskone4n@g.co,178,168
2018-08-07,Thoughtworks,Caril Heggs,350-395-3426,wbrewins4o@msn.com,felis eu sapien cursus vestibulum proin eu mi nulla ac,Warner Brewins,940-621-9649,wbrewins4o@flickr.com,179,169
2018-11-26,Twitterworks,Dorine Spiaggia,578-678-0961,jscrammage4p@blogger.com,velit vivamus vel nulla eget eros elementum pellentesque quisque porta,Jeane Scrammage,877-617-7188,jscrammage4p@examiner.com,180,170
2019-02-09,Twimbo,Adoree Darke,240-535-0554,blukock4q@acquirethisname.com,praesent blandit lacinia erat vestibulum sed magna at nunc commodo,Bonita Lukock,859-400-9277,blukock4q@diigo.com,181,171
2019-06-16,Twitterbeat,Myranda Bruggeman,957-565-3316,rsharville4r@dot.gov,sapien cum sociis natoque penatibus et magnis dis parturient montes,Rolando Sharville,887-946-9290,rsharville4r@oakley.com,182,172
2019-06-08,Meeveo,Larine Whittam,707-571-9651,rmalyan4s@hhs.gov,nec dui luctus rutrum nulla tellus in sagittis dui vel,Rozina Malyan,232-533-9837,rmalyan4s@cloudflare.com,183,173
2018-12-14,Jaxspan,Rock Dorman,413-140-1435,lmoff4t@livejournal.com,nibh fusce lacus purus aliquet at feugiat non pretium quis,Lonee Moff,422-696-3690,lmoff4t@psu.edu,184,174
2018-11-14,Skinte,Isaiah Lambot,744-720-1546,kde4u@state.gov,eu sapien cursus vestibulum proin eu mi nulla ac enim,Keith De la Yglesia,678-660-8432,kde4u@biglobe.ne.jp,185,175
2018-10-28,Oyoba,Rivalee OHear,315-307-7902,ocluatt4v@nyu.edu,quis orci nullam molestie nibh in lectus pellentesque at nulla,Orella Cluatt,713-137-3416,ocluatt4v@samsung.com,186,176
2019-06-03,Roodel,Rivkah Romme,367-484-4865,tgaze4w@fc2.com,dolor vel est donec odio justo sollicitudin ut suscipit a,Timmi Gaze,431-357-4729,tgaze4w@hugedomains.com,187,177
2019-02-18,Browsetype,Sydney Lundbeck,895-529-3580,bwheadon4x@auda.org.au,ac enim in tempor turpis nec euismod scelerisque quam turpis,Benedicto Wheadon,287-627-0524,bwheadon4x@independent.co.uk,188,178
2019-05-29,Topicshots,Nichole Eriksson,761-724-6468,abrunsden4y@hhs.gov,ornare imperdiet sapien urna pretium nisl ut volutpat sapien arcu,Antons Brunsden,310-748-6406,abrunsden4y@gov.uk,189,179
2018-07-13,LiveZ,Faustina Stribling,820-956-2127,dminucci4z@macromedia.com,leo rhoncus sed vestibulum sit amet cursus id turpis integer,Dyna Minucci,932-332-9496,dminucci4z@vinaora.com,190,180
2019-03-23,Yodoo,Robbi Pegden,588-594-9179,lpetrolli50@vinaora.com,at velit vivamus vel nulla eget eros elementum pellentesque quisque,Lina Petrolli,692-362-8683,lpetrolli50@redcross.org,191,181
2018-09-14,Gigashots,Carolus Crassweller,475-765-3273,creaney51@marriott.com,turpis sed ante vivamus tortor duis mattis egestas metus aenean,Clarabelle Reaney,738-895-8751,creaney51@apple.com,192,182
2019-05-22,Chatterbridge,Giralda Larver,197-909-6358,ldibley52@blogspot.com,tincidunt lacus at velit vivamus vel nulla eget eros elementum,Lemar Dibley,169-751-8454,ldibley52@angelfire.com,193,183
2019-03-30,Eadel,Joel Vassbender,934-126-7727,sharby53@google.pl,blandit nam nulla integer pede justo lacinia eget tincidunt eget,Skyler Harby,576-362-3381,sharby53@netlog.com,194,184
2019-03-07,Yozio,Hadleigh Gwilym,753-205-0459,afyfe54@latimes.com,condimentum curabitur in libero ut massa volutpat convallis morbi odio,Arlene Fyfe,442-528-8241,afyfe54@wikispaces.com,195,185
2018-11-01,Yozio,Dorette Sabatini,169-797-7305,kdelgardo55@msn.com,dignissim vestibulum vestibulum ante ipsum primis in faucibus orci luctus,Kiley Delgardo,682-412-1221,kdelgardo55@netscape.com,196,186
2019-01-27,Bubbletube,Judas Clara,495-234-9799,mrambadt56@desdev.cn,cubilia curae mauris viverra diam vitae quam suspendisse potenti nullam,Maddi Rambadt,121-263-2749,mrambadt56@blogs.com,197,187
2018-08-12,Photobug,Ronda Goldwater,804-380-6946,amacmakin57@dedecms.com,quis augue luctus tincidunt nulla mollis molestie lorem quisque ut,Aldric MacMakin,596-301-7854,amacmakin57@pagesperso-orange.fr,198,188
2018-09-25,Realpoint,Robbin Kabsch,476-300-5916,redeler58@etsy.com,habitasse platea dictumst morbi vestibulum velit id pretium iaculis diam,Rivkah Edeler,825-875-1825,redeler58@github.com,199,189
2019-03-09,Bubblebox,Merrile Labet,426-997-7233,dmcbrier59@1688.com,volutpat eleifend donec ut dolor morbi vel lectus in quam,Domenico McBrier,476-786-3377,dmcbrier59@yandex.ru,200,190
2019-04-24,Tagopia,Idell Uphill,193-712-3123,gmanuelli5a@i2i.jp,pellentesque ultrices mattis odio donec vitae nisi nam ultrices libero,Gabriela Manuelli,183-613-4218,gmanuelli5a@google.com.au,201,191
2019-04-13,JumpXS,Brnaba Andrin,533-764-6873,nrockwell5b@blogtalkradio.com,luctus ultricies eu nibh quisque id justo sit amet sapien,Nerissa Rockwell,816-328-8789,nrockwell5b@vistaprint.com,202,192
2018-08-12,Buzzshare,Agnola McKevitt,258-295-9105,vsaenz5c@4shared.com,varius integer ac leo pellentesque ultrices mattis odio donec vitae,Van Saenz,713-962-8556,vsaenz5c@webeden.co.uk,203,193
2018-10-23,Browsebug,Patric Effnert,602-418-5667,dnation5d@ocn.ne.jp,vestibulum rutrum rutrum neque aenean auctor gravida sem praesent id,Davy Nation,756-227-2808,dnation5d@friendfeed.com,204,194
2018-07-26,Gabcube,Noreen Esilmon,851-815-9873,okleyn5e@umich.edu,consectetuer adipiscing elit proin interdum mauris non ligula pellentesque ultrices,Otto Kleyn,972-255-2103,okleyn5e@apple.com,205,195
2018-12-19,Eidel,Jehu Melmoth,421-845-5131,eleggatt5f@zimbio.com,odio consequat varius integer ac leo pellentesque ultrices mattis odio,Eva Leggatt,933-609-6917,eleggatt5f@people.com.cn,206,196
2018-10-15,Linklinks,Hartley Osanne,859-411-9915,bmcparland5g@mapy.cz,pellentesque at nulla suspendisse potenti cras in purus eu magna,Basilius McParland,190-303-6991,bmcparland5g@ow.ly,207,197
2018-12-13,Yozio,Jay Fechnie,552-784-4760,mboddie5h@wufoo.com,velit donec diam neque vestibulum eget vulputate ut ultrices vel,Mozes Boddie,426-784-9560,mboddie5h@taobao.com,208,198
2019-03-30,Flipstorm,Georgena Ashmole,787-665-3697,okeyden5i@vistaprint.com,semper est quam pharetra magna ac consequat metus sapien ut,Olin Keyden,984-822-6803,okeyden5i@oracle.com,209,199
2018-11-15,Brainverse,Julie Illes,423-590-3596,djermey5j@cisco.com,rutrum ac lobortis vel dapibus at diam nam tristique tortor,Denny Jermey,728-257-3624,djermey5j@eepurl.com,210,200
