admin,first_name,last_name,email,password,created_at,updated_at
0,Felecia,Welham,fwelham0@thetimes.co.uk,lHJfqQ1a,2019-05-03,2018-08-21
0,Dorotea,Angeau,dangeau1@tiny.cc,S58Y5U,2018-08-04,2018-09-03
0,Rosabelle,Stouther,rstouther2@berkeley.edu,zRxSBowNDb3t,2019-04-25,2019-03-15
0,Cherlyn,Seifert,cseifert3@guardian.co.uk,P9XxWBKgNP,2019-05-05,2018-08-31
0,Vinson,Bygraves,vbygraves4@narod.ru,oJyO7xp,2018-08-01,2018-11-30
0,Byran,Ollerenshaw,bollerenshaw5@newsvine.com,XlYUHk,2018-09-13,2018-12-28
0,Quillan,Neesham,qneesham6@cloudflare.com,Oxiiq8E6,2019-06-02,2019-05-21
0,Ulysses,Shirrell,ushirrell7@ibm.com,XqJuOd77y7w,2019-06-15,2018-11-04
0,Alfi,Allward,aallward8@cafepress.com,3jQdTzA6xd6M,2018-10-11,2019-06-16
0,Bertina,Targe,btarge9@newsvine.com,hFeQorAJDbN,2018-08-12,2018-09-01
0,Rudy,Giuroni,rgiuronia@mapquest.com,RVQqlkvCWs,2019-05-29,2018-12-15
0,Monte,Norsworthy,mnorsworthyb@bloglovin.com,Kj0VbqapaXz,2019-01-07,2019-02-15
0,Ernestine,Sainsberry,esainsberryc@google.ca,u8XeHx4k5nWJ,2019-02-18,2018-09-11
0,Lyon,Wetherick,lwetherickd@hubpages.com,F8Hcyn9VDO,2019-04-28,2018-08-22
0,Gavan,Illidge,gillidgee@behance.net,g25bxFzWEt,2018-11-24,2019-02-21
0,Dorian,Blasetti,dblasettif@sun.com,mnsSZGCQX1A,2019-02-23,2019-01-25
0,Camala,Gligori,cgligorig@ocn.ne.jp,X1UhsNc7Uv,2018-09-29,2018-08-21
0,Vanya,Arangy,varangyh@list-manage.com,UB4XZcyLL,2019-01-09,2019-03-23
0,Fidel,Seamark,fseamarki@php.net,ZI6jGYu,2019-02-02,2018-12-28
0,Dannel,Bremeyer,dbremeyerj@ucoz.com,TWBWhRpK,2019-03-28,2018-09-25
0,Ardine,Vinick,avinickk@huffingtonpost.com,4DLvwoYxyAaO,2019-03-23,2019-04-22
0,Dacia,Matuszewski,dmatuszewskil@nifty.com,Eu7wXlxWv7,2018-12-25,2018-07-15
0,Catie,Burdas,cburdasm@paypal.com,5x9HbP,2019-01-09,2019-04-12
0,Jorie,Circuitt,jcircuittn@miibeian.gov.cn,M8pchqJq,2018-12-24,2019-01-22
0,Ring,Streeton,rstreetono@foxnews.com,KE6W0yMRU,2019-01-27,2018-12-13
0,Carena,Delacourt,cdelacourtp@reddit.com,slU2NZW6,2019-06-06,2019-04-20
0,Guillema,Ramshaw,gramshawq@hao123.com,6Q1C4tB,2018-12-19,2018-12-14
0,Francesca,Watford,fwatfordr@prweb.com,bx3b2AeVz,2019-03-10,2019-02-09
0,Iseabal,Boow,iboows@ocn.ne.jp,FxTVCLnZ,2018-12-15,2019-02-09
0,Rianon,Kassel,rkasselt@wordpress.org,F45KKhE5,2019-04-03,2018-10-28
0,Corrie,Rashleigh,crashleighu@feedburner.com,5TLymLQy,2018-11-09,2019-06-03
0,Everett,Treadway,etreadwayv@amazon.co.jp,aeVF53MjfsMM,2019-07-01,2019-05-17
0,Harriot,Belderfield,hbelderfieldw@last.fm,2DoFF1z7,2019-03-31,2018-08-16
0,Thaine,Berryann,tberryannx@dedecms.com,XX1U2jfdv,2019-05-17,2019-02-27
0,Ronnica,Nelhams,rnelhamsy@opera.com,I2az7T4Gkvf,2019-07-01,2019-01-14
0,Salmon,Riddel,sriddelz@cnn.com,BV6iiuy0,2018-11-28,2018-09-14
0,Bourke,Kay,bkay10@shinystat.com,6yllck3kD,2019-03-31,2019-06-23
0,Suellen,Foxton,sfoxton11@ask.com,DIG7kpH,2018-08-17,2019-04-24
0,Royal,Sturm,rsturm12@technorati.com,3FgVRMjJb,2019-03-28,2019-01-12
0,Woody,Farnes,wfarnes13@youtube.com,6Ubtn0,2019-05-24,2019-07-07
0,Giordano,Tuffin,gtuffin14@amazon.de,BrQow7a,2018-10-21,2019-02-26
0,Gannon,Kleinhandler,gkleinhandler15@tamu.edu,TdHk9iQFJ4c,2018-12-29,2018-11-22
0,Hali,MacGibbon,hmacgibbon16@google.nl,1egRJw7g48v,2019-02-16,2019-03-26
0,Berky,Hadaway,bhadaway17@stumbleupon.com,mCo0wCiVN3,2018-08-18,2019-03-14
0,Pablo,Lies,plies18@desdev.cn,Z5Buu4W64Xi0,2018-08-02,2018-07-26
0,Claudette,Batting,cbatting19@studiopress.com,ByiAM6p,2019-02-24,2018-08-30
0,Flss,Zorzin,fzorzin1a@youku.com,iRlYVyjmuA,2018-10-25,2019-04-16
0,Lalo,Dolman,ldolman1b@umich.edu,WfbhjIClBepk,2018-09-04,2019-04-21
0,Gussi,Fitzjohn,gfitzjohn1c@icio.us,RRw1cfRKf,2018-11-23,2019-03-25
0,Jolie,Cassius,jcassius1d@miibeian.gov.cn,scKYKB9e0Vn,2019-01-09,2018-11-21
0,Hetti,Benedikt,hbenedikt1e@freewebs.com,Jbf8m5wkbwg,2019-05-13,2019-02-27
0,Jerrilyn,Kittle,jkittle1f@csmonitor.com,d2HWCxY,2018-09-10,2019-03-02
0,Wren,Littlemore,wlittlemore1g@cdbaby.com,bTSUaJyK,2018-08-21,2018-07-13
0,Anne-marie,Sola,asola1h@spotify.com,eeK0mtyZn,2019-06-19,2018-12-27
0,Bendite,Kringe,bkringe1i@usnews.com,5ZFGz1u4,2019-03-30,2019-05-27
0,Saxon,Klimashevich,sklimashevich1j@prlog.org,WXypgLz3NgF,2018-11-17,2018-07-23
0,Leticia,Harrell,lharrell1k@parallels.com,KIHa5mtC3qa,2018-08-22,2018-10-21
0,Marve,Rainger,mrainger1l@ihg.com,5CJtOBvUGFC,2019-04-24,2018-12-01
0,Tobias,Luto,tluto1m@wikipedia.org,ZDQ798tA3sAR,2018-12-08,2018-12-13
0,Sibel,Khotler,skhotler1n@gov.uk,1nMiZvDY3,2019-01-21,2018-10-07
0,Elliot,Moscon,emoscon1o@nydailynews.com,QGpdmw8kqRaz,2019-02-09,2018-11-10
0,Yvonne,Stackbridge,ystackbridge1p@bbc.co.uk,lCJnE1m,2018-12-13,2019-06-11
0,Carmelina,Bullingham,cbullingham1q@alibaba.com,QANlLeI5r9D,2019-04-21,2019-01-17
0,Erminie,Upham,eupham1r@histats.com,TypkdIjK3,2019-04-24,2019-05-29
0,Shaylyn,Moreing,smoreing1s@deliciousdays.com,yptEvVnmQh,2018-12-08,2019-01-03
0,Darsie,Innocent,dinnocent1t@php.net,xZ3aI0,2018-10-17,2018-10-14
0,Pate,Domone,pdomone1u@nps.gov,qvIVqnoEDa,2019-05-20,2018-09-16
0,Zorine,Real,zreal1v@tuttocitta.it,yuQTdmV,2018-11-15,2019-02-13
0,Milo,Moorcroft,mmoorcroft1w@hibu.com,6IgwHnl,2018-08-02,2019-06-10
0,Krishna,Crookston,kcrookston1x@pen.io,ZVtSnp1jhFxt,2019-05-13,2019-03-08
0,Drusie,Burdin,dburdin1y@reddit.com,5ilE01uJRLT,2018-09-02,2018-07-25
0,Alisha,Warren,awarren1z@marriott.com,sbZGW7gT7KPK,2018-10-03,2018-11-02
0,Zorana,Sabathier,zsabathier20@cnbc.com,tNadaDumTr,2019-06-05,2018-11-10
0,Rowan,Carrabot,rcarrabot21@berkeley.edu,7GKBiM6p,2019-03-27,2018-08-15
0,Ardene,Donnellan,adonnellan22@slashdot.org,52mmw0oI,2019-01-20,2018-09-14
0,Michale,Zamora,mzamora23@gmpg.org,6fEhHHRw,2018-12-03,2018-12-11
0,Lynnelle,Rooze,lrooze24@oaic.gov.au,3EUb4s,2018-12-10,2018-09-25
0,Wallie,Goublier,wgoublier25@cbc.ca,9j9H2AvrPlR,2019-07-11,2019-05-14
0,Immanuel,Stivani,istivani26@unblog.fr,yuxohXtuJ,2018-09-17,2019-05-03
0,Hallie,Brasher,hbrasher27@unblog.fr,sjFsPnR4gjm,2019-04-21,2019-03-17
0,Florian,Gude,fgude28@go.com,UH7wekrYb,2019-05-07,2018-11-25
0,Lindsay,Jakobssen,ljakobssen29@e-recht24.de,mVNgu6XV,2019-06-08,2019-03-31
0,Mariele,Bloor,mbloor2a@nps.gov,d6F3eC79oI,2019-06-22,2018-10-04
0,Archambault,Dedden,adedden2b@wufoo.com,Go2ggxAVg,2018-11-04,2018-12-16
0,Leonore,Lovejoy,llovejoy2c@ocn.ne.jp,KUkKXp3N,2018-09-07,2019-04-09
0,Nadeen,Rougier,nrougier2d@mozilla.com,r3x6t3Jmuk,2019-01-28,2019-06-29
0,Hedy,Popple,hpopple2e@adobe.com,IWIWmp5,2018-10-31,2019-01-31
0,Piper,Labet,plabet2f@gravatar.com,FNJjTFZV0,2019-05-24,2018-12-09
0,Adela,Riddel,ariddel2g@answers.com,8NhC4SivGy,2018-11-20,2018-11-15
0,Georgina,Christoffels,gchristoffels2h@linkedin.com,PYRoqFMHn,2018-10-21,2019-02-09
0,Laurene,Crielly,lcrielly2i@sogou.com,GIbs8i00,2019-04-18,2018-12-15
0,Leona,Frankiewicz,lfrankiewicz2j@google.com.br,HX3LjfWDUA7r,2019-01-14,2019-05-22
0,Emmalynn,Bellany,ebellany2k@state.gov,0aKu2FAC,2019-02-03,2018-09-15
0,Esma,Petr,epetr2l@dailymotion.com,VziwF25yPT,2019-04-10,2019-02-03
0,Flemming,Higginbottam,fhigginbottam2m@surveymonkey.com,mn6YdYCcq,2019-04-16,2018-07-28
0,Danell,Wasielewicz,dwasielewicz2n@illinois.edu,tFbgDlBp,2018-11-17,2018-09-05
0,Henry,Van Arsdall,hvanarsdall2o@ovh.net,IjgAFqe1xo,2018-11-03,2018-10-12
0,Vera,Devonald,vdevonald2p@smh.com.au,rjYjuiid,2018-08-09,2018-07-22
0,Ethelyn,Trammel,etrammel2q@geocities.com,NKkgoOo12E,2019-07-02,2018-10-07
0,Nealon,Francescoccio,nfrancescoccio2r@purevolume.com,HzjzL2bRmDE0,2019-03-27,2018-08-29
0,Connie,Gosney,cgosney2s@opensource.org,pz11PPFY,2019-07-03,2018-12-12
0,Woodrow,Risbie,wrisbie2t@imgur.com,JoAD1c5lhq,2019-01-11,2018-09-15
0,Beverlee,Atkin,batkin2u@taobao.com,McnSjOAR2QQ,2019-06-02,2019-02-03
0,Verge,Tudhope,vtudhope2v@mlb.com,gXmXRnbg,2018-08-10,2018-12-14
0,Tonia,Bowlas,tbowlas2w@google.it,ceo4CP,2019-01-24,2019-07-02
0,Hall,Pickhaver,hpickhaver2x@epa.gov,gC9qR0Zs75,2019-05-13,2019-06-30
0,Daphne,Igonet,digonet2y@huffingtonpost.com,Odg7E4a,2019-01-18,2019-05-03
0,Merridie,Torel,mtorel2z@salon.com,IP7SRSmpT,2018-09-02,2018-08-09
0,Florie,Cluely,fcluely30@cafepress.com,RjNXIolpAw,2018-10-12,2019-02-02
0,Samuele,De Blasi,sdeblasi31@sohu.com,Ew95QxD,2018-10-27,2018-12-08
0,Roxy,Slite,rslite32@state.gov,Z15bst,2018-09-03,2018-09-13
0,Flss,Moreing,fmoreing33@smh.com.au,xYnfVr,2019-06-23,2019-04-13
0,Reube,Ransbury,rransbury34@usnews.com,uTkmjnepBnqa,2018-09-06,2019-01-31
0,La verne,Krimmer,lkrimmer35@utexas.edu,iMuGkTl,2018-08-29,2019-04-23
0,Quinton,Ronca,qronca36@amazon.de,ey5crg,2019-01-13,2018-07-30
0,Madison,Lobe,mlobe37@go.com,CKiUuLz,2019-05-17,2019-05-28
0,Dagmar,Izen,dizen38@ycombinator.com,3YT7fJ,2019-06-13,2018-10-26
0,Adrian,Gamlyn,agamlyn39@phoca.cz,J8HoQjUxQ4qf,2019-02-10,2018-09-30
0,Morgen,Semple,msemple3a@over-blog.com,Oq7FdPMu,2018-10-29,2018-09-04
0,Angie,Gallamore,agallamore3b@pbs.org,AOmNHkrxFs,2019-04-11,2018-11-24
0,Ashlin,Daffey,adaffey3c@squarespace.com,MtcEDOtzjgNA,2018-11-19,2018-12-22
0,Dreddy,Faulo,dfaulo3d@google.es,hUy7K6,2018-11-10,2019-02-03
0,Maiga,Venny,mvenny3e@list-manage.com,hTiVRaPuc,2018-12-12,2018-11-13
0,Lewes,Overall,loverall3f@google.fr,HtB81U,2018-08-17,2019-05-28
0,Rivy,Steddall,rsteddall3g@soup.io,bLtpeis1,2019-06-15,2019-06-26
0,Moshe,Pryor,mpryor3h@paypal.com,DsmbmAhGtD,2019-04-01,2019-01-17
0,Heidi,Tyreman,htyreman3i@surveymonkey.com,IaIJcCs7l,2019-03-21,2018-08-12
0,Lorraine,Tames,ltames3j@photobucket.com,zkGsQEaPiq,2019-05-02,2018-12-26
0,Hardy,Lashmar,hlashmar3k@mtv.com,8BEx0T6suEX9,2019-06-22,2018-08-17
0,Silvie,Carrell,scarrell3l@icq.com,kifI1uW,2019-02-06,2019-07-09
0,Electra,Woodeson,ewoodeson3m@over-blog.com,zSNTHsFJWik,2019-06-05,2018-11-04
0,Gerti,Whilde,gwhilde3n@cnn.com,CSCEjvieZ,2019-04-06,2019-03-11
0,Ellsworth,St. Hill,esthill3o@youku.com,yhBrPByPj,2018-11-24,2019-01-10
0,Breanne,Tattersfield,btattersfield3p@mediafire.com,azyS3aF,2018-12-17,2019-01-02
0,Kalvin,Guierre,kguierre3q@squidoo.com,jPykykTFW,2019-04-21,2019-01-25
0,Smitty,Newvell,snewvell3r@paginegialle.it,oBDfVdh5dOa,2018-12-28,2018-12-25
0,Clarey,Feltoe,cfeltoe3s@harvard.edu,1o8SAn2fudj,2018-09-05,2019-02-26
0,Bev,Brealey,bbrealey3t@imdb.com,GQuT1LkGGwp,2019-04-15,2018-11-13
0,Dietrich,Dahlman,ddahlman3u@dmoz.org,cMN16X,2019-03-31,2019-06-12
0,Ryun,Chippendale,rchippendale3v@goo.ne.jp,mQj4NyX,2019-04-19,2019-02-24
0,Langsdon,Kleeman,lkleeman3w@loc.gov,aqGjyF7R,2019-07-06,2019-01-25
0,Ynez,Care,ycare3x@typepad.com,qL5n1KVAwyD6,2019-01-05,2019-04-13
0,Esma,Organ,eorgan3y@weebly.com,CQRAHzuuRgU3,2018-10-05,2018-07-14
0,Nanette,Andreolli,nandreolli3z@bluehost.com,lOIYtDw,2018-11-20,2018-12-05
0,Olwen,Weight,oweight40@moonfruit.com,Clis7ZupVF,2019-05-05,2018-07-14
0,Arlee,Caddens,acaddens41@csmonitor.com,ph28GN5MH9uR,2018-12-15,2019-03-09
0,Gil,Reyna,greyna42@usatoday.com,hWIs2hrix,2018-10-17,2019-02-16
0,Elyn,Borrel,eborrel43@uiuc.edu,P156GpuapCUt,2019-04-18,2019-01-11
0,Clevey,Grocock,cgrocock44@omniture.com,sfRYVPmE,2019-04-14,2018-11-12
0,Fran,Abbate,fabbate45@earthlink.net,HQ5WAJsIz,2019-04-09,2018-11-09
0,Rayner,Bakesef,rbakesef46@ehow.com,aTcnur3SbROH,2018-10-01,2018-08-26
0,Cozmo,Livens,clivens47@about.me,yXcBme1yBWtu,2018-08-30,2018-12-16
0,Barny,Elener,belener48@eventbrite.com,fn3JHnN9DS3G,2019-03-10,2018-11-21
0,Ezmeralda,Benois,ebenois49@jigsy.com,Uf5hop4r3Z,2018-12-07,2018-11-06
0,Scarface,Coupland,scoupland4a@stanford.edu,ebS6EVYUc,2018-07-31,2019-02-20
0,Peggi,Gwillyam,pgwillyam4b@admin.ch,93x1UYWH,2018-12-17,2019-06-01
0,Marinna,Wilber,mwilber4c@comcast.net,P4ytTtcVXp,2018-10-10,2019-05-26
0,Husain,Clausen,hclausen4d@issuu.com,ZiIDmXAyq7H,2018-12-24,2019-06-17
0,Tessy,Colwell,tcolwell4e@nationalgeographic.com,1BMT4QrQJ,2019-03-02,2018-12-30
0,Efren,Tossell,etossell4f@about.com,3jGElWKxc,2018-11-25,2018-10-10
0,Barby,Mattusov,bmattusov4g@wikispaces.com,iOMBihZMzJB,2019-03-19,2019-07-12
0,Reba,Goring,rgoring4h@mayoclinic.com,vH2Jx6Lx,2019-02-24,2019-05-14
0,Danna,Bon,dbon4i@rambler.ru,VxiPO8zxVUEx,2019-04-25,2019-04-03
0,Lorelle,Dunphie,ldunphie4j@berkeley.edu,roCSOLSPFXY,2018-12-15,2018-08-25
0,Valentine,Blackboro,vblackboro4k@weebly.com,fWWpWnH0,2019-06-06,2018-10-06
0,Vonni,Lavell,vlavell4l@sphinn.com,bghIQyCJ9,2018-11-06,2019-04-13
0,Waly,Hatliff,whatliff4m@whitehouse.gov,UhZ8V69zm,2019-04-16,2018-11-11
0,Tandi,MacIlraith,tmacilraith4n@newyorker.com,7GeLUJVBwDLJ,2019-01-08,2019-02-05
0,Clayson,Miner,cminer4o@umich.edu,4ztX3woChK,2019-05-11,2019-04-01
0,Franny,Hubble,fhubble4p@utexas.edu,08072B,2019-01-17,2019-02-18
0,Clementina,Dresche,cdresche4q@google.com.au,5Q12FpPXXg,2018-12-01,2018-10-12
0,Gregorius,Di Maria,gdimaria4r@youku.com,r0KlQdfOc9,2018-10-22,2019-02-14
0,Elianora,Gibb,egibb4s@webs.com,BCXKRm05,2019-02-27,2019-01-25
0,Jacklin,Kinnock,jkinnock4t@example.com,WbZvMC,2019-03-05,2019-06-15
0,Sara-ann,Ecclesall,secclesall4u@bloglines.com,Iez6BYHPJs,2018-11-14,2018-11-24
0,Hamlen,Anscott,hanscott4v@sitemeter.com,LxAb0DQ,2018-12-05,2018-08-06
0,Jaime,Puckett,jpuckett4w@nps.gov,6pMBzFE,2018-08-09,2019-02-06
0,Jimmie,Niemetz,jniemetz4x@nhs.uk,K2HmL2s5,2019-06-13,2019-03-18
0,Tanny,Hemphall,themphall4y@reuters.com,3qFIkeVNrxk,2019-02-12,2019-02-02
0,Theo,Hullett,thullett4z@opensource.org,bDnjyj,2019-03-22,2019-07-07
0,Marillin,Bettanay,mbettanay50@berkeley.edu,pnBRlL,2019-03-08,2019-01-17
0,Jany,Checkley,jcheckley51@php.net,DjYMs00,2018-10-31,2018-11-10
0,Meredithe,McGoogan,mmcgoogan52@friendfeed.com,kXjVPU,2018-10-12,2019-03-01
0,Orelee,Blackler,oblackler53@google.co.jp,Kzkdg7d6AC,2019-07-04,2018-12-02
0,Giselbert,Favey,gfavey54@over-blog.com,mEiPS5M99N,2018-11-25,2019-02-27
0,Mae,Crut,mcrut55@oakley.com,iJ3T7Cv,2018-10-20,2018-08-19
0,Beverley,Poyser,bpoyser56@mtv.com,KHRIbSfm,2018-08-19,2019-05-11
0,Nevile,Aikett,naikett57@examiner.com,KlPjSKFxl,2019-06-15,2018-10-24
0,Filberto,Sysland,fsysland58@biblegateway.com,0SZkYhL,2019-01-31,2019-03-02
0,Frazer,Wardell,fwardell59@sina.com.cn,Yxs9MyPVCsA5,2019-01-26,2019-04-13
0,Allis,MacFadin,amacfadin5a@sfgate.com,nzwJZDFszV,2018-08-01,2018-09-17
0,Earlie,Withull,ewithull5b@prnewswire.com,4L3VA5WNWB,2018-10-08,2018-12-18
0,Aubrey,Teml,ateml5c@biglobe.ne.jp,TM0ByCKe2ZXh,2018-08-25,2018-09-17
0,Byrom,Speere,bspeere5d@nydailynews.com,nrX6VM,2018-08-04,2019-01-08
0,Fedora,Wimp,fwimp5e@addthis.com,ZrdGNdR9oVRG,2018-10-21,2019-04-06
0,Laurette,Murty,lmurty5f@wunderground.com,Q8mXuFgjHlB,2019-04-28,2018-09-02
0,Bonnibelle,MacGown,bmacgown5g@fotki.com,9f9Gv6ofG,2019-01-17,2018-12-28
0,Jemima,Orteaux,jorteaux5h@blinklist.com,jZHNk8Jr,2018-09-28,2018-09-18
0,Dewie,Hauck,dhauck5i@taobao.com,Gd5L9Ty7Ba7Q,2019-01-20,2019-01-25
0,Leyla,Clemmow,lclemmow5j@youtu.be,eI03h6Ed6IrQ,2019-03-17,2018-12-10
